split,num_samples,percentage
train,3199,79.99499874968741
val,400,10.002500625156289
test,400,10.002500625156289
